071b0e909c119de815e284b347c4bd979cb59ef3	nxpath/pvac_hfhe_cpp	2026-07-09T18:30:07Z
071b0e909c119de815e284b347c4bd979cb59ef3	uChiron/pvac_hfhe_cpp	2026-07-09T18:30:07Z
cdc6a527fed01ce4cbd569546efee8636ef1c78d	Iamknownasfesal/pvac_hfhe_cpp	2026-07-07T18:49:11Z
728397c4c648750766b4d55fbb6b0ac65c15fb8b	dewhush/pvac_hfhe_cpp	2026-02-05T17:30:07Z
728397c4c648750766b4d55fbb6b0ac65c15fb8b	HuiosTheos17/pvac_hfhe_cpp	2026-02-05T17:30:07Z
728397c4c648750766b4d55fbb6b0ac65c15fb8b	Onuoha11/pvac_hfhe_cpp	2026-02-05T17:30:07Z
728397c4c648750766b4d55fbb6b0ac65c15fb8b	Arunkumarkethana/pvac_hfhe_cpp	2026-02-05T17:30:07Z
	jejerana902/pvac_hfhe_cpp	2026-02-05T17:30:07Z
728397c4c648750766b4d55fbb6b0ac65c15fb8b	bonjour22sss-lab/pvac_hfhe_cpp	2026-02-12T16:01:24Z
728397c4c648750766b4d55fbb6b0ac65c15fb8b	bountyhunter123-crypto/pvac_hfhe_cpp	2026-02-05T17:30:07Z
728397c4c648750766b4d55fbb6b0ac65c15fb8b	0xfryday/pvac_hfhe_cpp	2026-02-05T17:30:07Z
c4a5d974be1a01ccefe04ddd043d2461a65186c2	whatislove666/pvac_hfhe_cpp	2026-02-04T04:30:01Z
c4a5d974be1a01ccefe04ddd043d2461a65186c2	RajeshRk18/pvac_hfhe_cpp	2026-02-04T01:58:11Z
c4a5d974be1a01ccefe04ddd043d2461a65186c2	0xRepox/pvac_hfhe_cpp	2026-02-03T17:25:14Z
e3dd49865c29ef7265c56a7c7875ced7570e3954	Xyntera/pvac_hfhe_cpp	2026-01-29T13:10:37Z
6a876852aa4c52a945be719c9fc5c18dc9c6cb07	Bayu-spec/pvac_hfhe_cpp	2026-01-26T04:37:31Z
728397c4c648750766b4d55fbb6b0ac65c15fb8b	Wizbisy/pvac_hfhe_cpp	2026-04-03T01:05:15Z
728397c4c648750766b4d55fbb6b0ac65c15fb8b	666-eth/pvac_hfhe_cpp	2026-02-25T10:06:31Z
e27a51b483beab76babd5399040ec0256115c2ee	6a6ayan/Octra---pvac_hfhe_cpp	2026-01-15T04:53:50Z
0354661904a55126b10d93462e9568e1a70158de	vasihh2009/pvac_hfhe_cppbyv	2026-01-20T12:56:59Z
6d202a152df3d967943621bd8016defe746e5320	maragung/pvac_hfhe_cpp	2026-01-19T08:52:38Z
e27a51b483beab76babd5399040ec0256115c2ee	TonyBlaze1313/pvac_hfhe_cpp	2026-01-15T04:53:50Z
e27a51b483beab76babd5399040ec0256115c2ee	Theuvkhan/pvac_hfhe_cpp	2026-01-15T04:53:50Z
4f31158e4403b8c1de2b6cd17004a22e347fc50a	sayakomo/pvac_hfhe_cpp	2026-01-19T05:32:40Z
e27a51b483beab76babd5399040ec0256115c2ee	Adejuwonvictor/pvac_hfhe_cpp	2026-01-15T04:53:50Z
e27a51b483beab76babd5399040ec0256115c2ee	B402For/pvac_hfhe_cpp	2026-01-15T04:53:50Z
e27a51b483beab76babd5399040ec0256115c2ee	Morena030/pvac_hfhe_cpp	2026-01-15T04:53:50Z
e27a51b483beab76babd5399040ec0256115c2ee	erlanggada/pvac_hfhe_cpp	2026-01-15T04:53:50Z
d80cf99b32fb411abf2463626b7632aff3730350	raddenpattah/pvac_hfhe_cpp	2026-01-14T06:14:30Z
d80cf99b32fb411abf2463626b7632aff3730350	deniginsb/pvac_hfhe_cpp	2026-01-14T06:14:30Z
d80cf99b32fb411abf2463626b7632aff3730350	franshel/pvac_hfhe_cpp	2026-01-14T06:14:30Z
d80cf99b32fb411abf2463626b7632aff3730350	namcangkua/pvac_hfhe_cpp-oct	2026-01-14T06:14:30Z
d80cf99b32fb411abf2463626b7632aff3730350	taiwofelix35/pvac_hfhe_cpp	2026-01-14T06:14:30Z
d555b2c4aa01794b50c9072b8d5f00305449e588	onmyway20/pvac_hfhe_cpp	2026-01-25T06:38:33Z
d80cf99b32fb411abf2463626b7632aff3730350	kepesengbanget/pvac_hfhe_cpp	2026-01-14T06:14:30Z
f932b501109a21bd9adf9e2aee9d983841ece5d9	ekynug2/pvac_hfhe_cpp	2026-01-14T14:45:10Z
d80cf99b32fb411abf2463626b7632aff3730350	alessaputraa/pvac_hfhe_cpp	2026-01-14T06:14:30Z
d80cf99b32fb411abf2463626b7632aff3730350	Dylangrant915/pvac_hfhe_cpp	2026-01-14T06:14:30Z
d80cf99b32fb411abf2463626b7632aff3730350	ypszn/pvac_hfhe_cpp	2026-01-14T06:14:30Z
d80cf99b32fb411abf2463626b7632aff3730350	Krusherk/pvac_hfhe_cpp	2026-01-14T06:14:30Z
d80cf99b32fb411abf2463626b7632aff3730350	Winnode/pvac_hfhe_cpp	2026-01-14T06:14:30Z
8fb0769efeaefe2b152440f71a63a1b169a13a02	dimasytr/pvac_hfhe_cpp	2025-12-22T14:44:22Z
fdb07263d0f73f9d18c1fdeddf4534c0b9966123	waldzo/pvac_hfhe_cpp	2025-12-17T02:23:11Z
d04c4d806c40f734232cbce9e27306e10ff786fa	Yanu403/pvac_hfhe_cpp	2026-01-20T12:58:00Z
fdb07263d0f73f9d18c1fdeddf4534c0b9966123	AganFebro/pvac_hfhe_cpp	2025-12-17T02:23:11Z
fdb07263d0f73f9d18c1fdeddf4534c0b9966123	Alhazard29/pvac_hfhe_cpp	2025-12-17T02:23:11Z
fdb07263d0f73f9d18c1fdeddf4534c0b9966123	elangrr/pvac_hfhe_cpp	2025-12-17T02:23:11Z
fdb07263d0f73f9d18c1fdeddf4534c0b9966123	Warx04/pvac_hfhe_cpp	2025-12-17T02:23:11Z
fdb07263d0f73f9d18c1fdeddf4534c0b9966123	anton2423/pvac_hfhe_cpp	2025-12-17T02:23:11Z
2bba11fad856e7250fb0d25e437204612464cd4c	OneNov0209/pvac_hfhe_cpp	2025-12-17T12:02:41Z
fdb07263d0f73f9d18c1fdeddf4534c0b9966123	Konyuka/pvac_hfhe_cpp	2025-12-17T02:23:11Z
fdb07263d0f73f9d18c1fdeddf4534c0b9966123	Semutireng22/pvac_hfhe_cpp	2025-12-17T02:23:11Z
fdb07263d0f73f9d18c1fdeddf4534c0b9966123	Argona7/pvac_hfhe_cpp	2025-12-17T02:23:11Z
fdb07263d0f73f9d18c1fdeddf4534c0b9966123	Mayjor01/pvac_hfhe_cpp	2025-12-17T02:23:11Z
fdb07263d0f73f9d18c1fdeddf4534c0b9966123	Korgonxx/pvac_hfhe_cpp	2025-12-17T02:23:11Z
fdb07263d0f73f9d18c1fdeddf4534c0b9966123	Biglionaire/pvac_hfhe_cpp	2025-12-17T02:23:11Z
fdb07263d0f73f9d18c1fdeddf4534c0b9966123	timiadey24/pvac_hfhe_cpp	2025-12-17T02:23:11Z
dd6f0b09186a9dc501498b557acf02446f01e52a	udine561/pvac_hfhe_cpp	2025-12-17T01:39:55Z
5837e7a77c856d2b6fc8cbb6c42cd1e8d23fbbc5	chris-in-the-shell/pvac_hfhe_cpp	2025-12-16T01:31:10Z
fdb07263d0f73f9d18c1fdeddf4534c0b9966123	robertkohahimn/pvac_hfhe_cpp	2025-12-17T05:06:58Z
087ff245de760a34fd1fa3c44b6ff19bbfdf35af	lambda0xE/pvac_hfhe_cpp	2025-12-01T21:35:24Z
087ff245de760a34fd1fa3c44b6ff19bbfdf35af	0blvckivx0/pvac_hfhe_cpp	2025-12-01T21:35:24Z
